Workbook

Sheet 📋 Summary
B2: ISO/IEC 42001:2023 AI Management System Statement of Applicability — Control Checklist
B10: Document Title | C10: ISO 42001:2023 SoA Control Checklist — All 38 Annex A Controls
B11: Version | C11: v1.0
B12: Release Date | C12: 16 May 2026
B13: Prepared By | C13: Nirav Parikh (www.linkedin.com/in/nirav-parikh-ab865ba)
B14: Status | C14: Under Review
B15: Standard | C15: ISO/IEC 42001:2023 — AI Management Systems
B16: Classification | C16: Open Source – Educational Use Only (CC BY 4.0)
B18: ▌ Purpose of This Checklist
B19: This checklist provides a clause-by-clause review of all 38 controls defined in Annex A of ISO/IEC 42001:2023 — the world's first international standard for AI Management Systems (AIMS). It is designed to support internal audit teams, GRC professionals, DPOs, AI ethics leads, and compliance officers in assessing the maturity and conformity of their AI governance frameworks. Each control is mapped to its Annex A reference, written in plain English, supported by auditor-facing requirements, and accompanied by evidence examples to guide effectiveness testing.
B21: ▌ Control Coverage — All 38 Annex A Controls
B22: Domain / Control Objective | C22: Count → Controls
B23: A.2 – Policies Related to AI (3 controls) | C23: A.2.2, A.2.3, A.2.4
B24: A.3 – Internal Organisation (2 controls) | C24: A.3.2, A.3.3
B25: A.4 – Resources for AI Systems (5 controls) | C25: A.4.2 – A.4.6
B26: A.5 – Assessing Impacts of AI Systems (4 controls) | C26: A.5.2 – A.5.5
B27: A.6 – AI System Life Cycle (9 controls) | C27: A.6.1.2, A.6.1.3, A.6.2.2 – A.6.2.8
B28: A.7 – Data for AI Systems (5 controls) | C28: A.7.2 – A.7.6
B29: A.8 – Information for Interested Parties (4 controls) | C29: A.8.2 – A.8.5
B30: A.9 – Use of AI Systems (3 controls) | C30: A.9.2, A.9.3, A.9.4
B31: A.10 – Third-Party & Customer Relationships (3 controls) | C31: A.10.2, A.10.3, A.10.4
B33: ▌ How to Use This Checklist
B34: 1. CONTROLS TAB — Work through each of the 38 controls. Assign an owner, mark applicability, record evidence reviewed, and select a conformity status from the dropdown.
B35: 2. DASHBOARD TAB — Refreshes automatically as you update the Controls tab. Use it for management briefings, audit presentations, and GRC reporting.
B36: 3. Non-applicable controls — Must include written justification in the Applicability column.
B37: 4. Review cycle — This checklist should be reviewed annually or following a significant change to AI systems, organisational structure, or regulatory requirements.
B38: 5. Auditor comments — Should be factual, objective, and cite specific evidence reviewed.
B40: ▌ Conformity Status Definitions
B41: Conformity | C41: Control is fully implemented, documented, and operating effectively. Evidence confirms it meets ISO 42001 intent.
B42: Partial Conformity | C42: Control is partially implemented. Key elements exist but gaps remain in documentation, scope, or effectiveness.
B43: Non-Conformity | C43: Control is absent, ineffective, or materially deviates from the standard. Corrective action is required.
B44: Not Applicable | C44: Control formally excluded with documented justification based on the organisation's AI scope.
B45: Not Assessed | C45: Control has not yet been reviewed. Default status — should be updated during the audit process.
B47: ▌ ⚠ Legal Disclaimer
B48: DISCLAIMER — EDUCATIONAL USE ONLY This checklist is an independent, open-source educational resource shared freely on LinkedIn and associated platforms under Creative Commons Attribution 4.0 International (CC BY 4.0). Attribution is required when redistributing or adapting this work. This document is provided 'as is', without warranty of any kind, express or implied. The author makes no representations regarding the accuracy, completeness, suitability, or fitness of this checklist for any particular purpose. It does not constitute legal, regulatory, or professional certification advice, and is not a substitute for obtaining the official ISO/IEC 42001:2023 standard from ISO or your national standards body, nor for engaging qualified auditors, legal counsel, or certified ISO 42001 practitioners. The author accepts no liability whatsoever for any loss, damage, regulatory outcome, or consequence arising from the use or misuse of this document. Users are solely responsible for verifying accuracy against the official standard and for its application within their organisational context. Control descriptions have been written by the author in plain English and do not reproduce verbatim text from ISO/IEC 42001:2023, in compliance with ISO copyright guidelines. ISO® is a registered trademark of the International Organization for Standardization. © Author — Released under CC BY 4.0. Please attribute the author when sharing.

Sheet 🔍 Controls Checklist
B1: ISO/IEC 42001:2023 | AI Management System — Statement of Applicability (SoA) Control Checklist | 38 Annex A Controls
B2: Control Number | C2: Domain | D2: Control Name | E2: Control Description (Plain English) | F2: Control Requirement (Auditor Expectation) | G2: Mandatory / Conditional | H2: Control Owner (Team / Role) | I2: Control Applicability (Yes / No / N/A + Justification) | J2: Evidence & Sample Examples Required for Effectiveness Testing | K2: Conformity Status | L2: Auditor Comments
B3: A.2.2 | C3: A.2 – Policies Related to AI | D3: AI Policy | E3: The organisation should create and maintain a written policy that sets out how it develops, procures, and uses AI systems. The policy must be approved by the appropriate management level and communicate the organisation's commitment to responsible, ethical, and lawful AI across all relevant activities and teams. | F3: Auditor will verify: (1) A Board- or Executive-approved AI policy exists. (2) The policy covers the scope of all AI activities. (3) It references accountability structures, responsible AI principles (fairness, transparency, accountability, safety). (4) It has been formally communicated to all relevant personnel with evidence of receipt. | G3: Mandatory | H3: AI Governance / Legal & Compliance | I3: Yes – Applicable | J3: 1. Approved AI policy document (version-controlled, signed-off by senior management). 2. Distribution records (intranet publication, all-staff email, training acknowledgements). 3. Annual policy review log with change history. 4. Mapping of AI policy to organisational AI objectives and ethics framework. | K3: Not Assessed
B4: A.2.3 | C4: A.2 – Policies Related to AI | D4: Alignment with Other Organisational Policies | E4: The organisation should identify which existing policies — such as information security, data protection, HR, ethics, risk, and procurement policies — intersect with its AI activities, and ensure the AI policy is consistent with those policies. Where conflicts exist, the other policies should be updated rather than creating contradictory guidance. | F4: Auditor will look for: (1) A documented cross-reference or mapping between the AI policy and other relevant policies. (2) Evidence that policy owners have reviewed and updated related policies to reflect AI considerations. (3) No material conflicts between the AI policy and other active organisational policies. | G4: Mandatory | H4: AI Governance / Legal & Compliance / HR | I4: Yes – Applicable | J4: 1. Policy cross-reference matrix linking AI policy to information security, privacy, ethics, and HR policies. 2. Updated versions of related policies with AI-specific amendments. 3. Meeting minutes or sign-offs from policy owners confirming alignment review. 4. Gap analysis record where inconsistencies were found and resolved. | K4: Not Assessed
B5: A.2.4 | C5: A.2 – Policies Related to AI | D5: Review of the AI Policy | E5: The organisation should review its AI policy at planned intervals — and whenever a significant change occurs (new regulation, new AI use case, major incident, or organisational restructure) — to confirm the policy remains fit for purpose, current, and supported by top management. | F5: Auditor will verify: (1) A defined review cycle (minimum annual) exists in the policy itself. (2) Evidence of at least one completed review with documented outcomes. (3) Triggers for unplanned reviews are defined. (4) Any resulting policy updates were formally approved and re-communicated. | G5: Mandatory | H5: AI Governance / Legal & Compliance | I5: Yes – Applicable | J5: 1. Policy review schedule and review log showing dates, participants, and outcomes. 2. Version history of the AI policy with change commentary. 3. Evidence of management sign-off on updated policy versions. 4. Records of out-of-cycle review triggered by regulatory change or AI incident. | K5: Not Assessed
B6: A.3.2 | C6: A.3 – Internal Organisation | D6: AI Roles and Responsibilities | E6: The organisation should clearly define and document who is accountable and responsible for AI-related activities across the full life cycle — covering risk management, impact assessment, development, oversight, data quality, security, and supplier management. Every AI activity should have an owner, with no accountability gaps. | F6: Auditor will check: (1) A RACI or equivalent accountability matrix for AI governance roles. (2) Designated AI system owners for each in-scope system. (3) An AI ethics or governance committee or equivalent with defined terms of reference. (4) Roles integrated into job descriptions and performance objectives. | G6: Mandatory | H6: HR / AI Governance Committee | I6: Yes – Applicable | J6: 1. RACI matrix covering all AI governance and operational roles. 2. AI system ownership register with named individuals and their scope. 3. Terms of reference for the AI governance committee. 4. Job descriptions reflecting AI accountability where relevant. 5. Organisational chart showing AI accountability lines. | K6: Not Assessed
B7: A.3.3 | C7: A.3 – Internal Organisation | D7: Reporting of Concerns | E7: The organisation should provide a formal channel — confidential and anonymous where appropriate — through which staff, contractors, and external parties can raise concerns about how AI systems are developed, used, or governed. The channel should have defined investigation and escalation procedures and protect reporters from retaliation. | F7: Auditor will verify: (1) A documented concerns-reporting channel specific to AI exists. (2) The process includes anonymity protections and non-retaliation safeguards. (3) Concerns are logged, investigated, and escalated appropriately. (4) All staff and relevant contractors are aware of the channel. | G7: Mandatory | H7: AI Governance / HR / Ethics & Compliance | I7: Yes – Applicable | J7: 1. AI concerns reporting procedure or policy. 2. Awareness communication records (intranet, training, onboarding materials). 3. Concerns log (anonymised) showing submissions, investigations, and outcomes. 4. Non-retaliation policy with reference to AI reporting. 5. Evidence of escalation to senior management or board where appropriate. | K7: Not Assessed
B8: A.4.2 | C8: A.4 – Resources for AI Systems | D8: Resource Documentation | E8: The organisation should build and maintain a comprehensive inventory of all resources its AI systems rely on at each life cycle stage — covering data, tools, infrastructure, and people. Clear resource visibility enables effective risk assessment, impact assessment, incident response, and supply-chain risk management. | F8: Auditor will look for: (1) A maintained AI resource register covering all in-scope systems. (2) Resources categorised by type (data, tooling, compute, human). (3) Evidence the register is kept current and subject to change control. (4) Links from the resource register to related risk and impact assessments. | G8: Mandatory | H8: AI Engineering / Data Governance / IT | I8: Yes – Applicable | J8: 1. AI resource inventory or register document with version control. 2. Asset management records for AI-related infrastructure. 3. Change log demonstrating the register is actively maintained. 4. Process documentation for updating the inventory when new systems are introduced. | K8: Not Assessed
B9: A.4.3 | C9: A.4 – Resources for AI Systems | D9: Data Resources | E9: The organisation should record details of every dataset used by each AI system — including provenance, categories (training, validation, test, production), labelling processes, intended purpose, known quality issues, retention periods, and any known bias concerns. This record supports accountability and auditability of data-driven AI decisions. | F9: Auditor will look for: (1) A data inventory or catalogue covering all AI datasets. (2) Metadata for each dataset (source, date, category, quality rating, bias flags). (3) Evidence of data lineage tracing. (4) Legal basis or consent records where personal data is used. | G9: Mandatory | H9: Data Governance / Data Engineering | I9: Yes – Applicable | J9: 1. AI data catalogue or data inventory with per-dataset metadata. 2. Data lineage diagrams or tool outputs (e.g. dbt, Apache Atlas). 3. Dataset cards or data sheets describing purpose, contents, and known limitations. 4. Legal basis documentation or consent records for personal data in AI training sets. | K9: Not Assessed
B10: A.4.4 | C10: A.4 – Resources for AI Systems | D10: Tooling Resources | E10: The organisation should document the algorithms, machine learning models, frameworks, libraries, optimisation and evaluation methods, and provisioning tools its AI systems depend on. This record enables reproducibility of results, vulnerability management, and assessment of supply-chain risk from third-party AI components. | F10: Auditor will verify: (1) An AI tooling inventory exists and covers all in-scope systems. (2) Versions, licenses, and vendors are recorded. (3) Known vulnerabilities are tracked and patch status is documented. (4) Dependency risk for critical third-party tools is assessed. | G10: Mandatory | H10: AI Engineering / Security / Procurement | I10: Yes – Applicable | J10: 1. AI tooling inventory with model names, frameworks, library versions, and vendor details. 2. Software license register for AI tooling. 3. Vulnerability scan outputs or SBOMs (Software Bill of Materials) for AI components. 4. Patch management records for AI tools and libraries. | K10: Not Assessed
B11: A.4.5 | C11: A.4 – Resources for AI Systems | D11: System and Computing Resources | E11: The organisation should record the computing, storage, networking, and hosting environments (on-premises, cloud, or edge) that each AI system relies on — including capacity constraints, environmental impact considerations, and any network or storage dependencies that could affect reliability or security. | F11: Auditor will check: (1) Infrastructure records for AI workloads (compute, storage, network). (2) Cloud or hosting provider documentation and SLAs. (3) Capacity planning records. (4) Environmental impact or sustainability considerations documented. | G11: Mandatory | H11: IT Infrastructure / Cloud Operations / AI Engineering | I11: Yes – Applicable | J11: 1. AI infrastructure inventory listing compute, storage, and network resources per system. 2. Cloud provider agreements and service level agreements (SLAs). 3. Capacity planning and scaling records for AI workloads. 4. Environmental or sustainability records (energy consumption, carbon footprint estimates). | K11: Not Assessed
B12: A.4.6 | C12: A.4 – Resources for AI Systems | D12: Human Resources | E12: The organisation should record the people and competencies involved across every phase of an AI system's life — including developers, operators, domain experts, testers, oversight roles, and those responsible for change management, handover, and decommissioning. This record supports competency gap analysis and succession planning. | F12: Auditor will look for: (1) A human resource register for each AI system listing key roles and competency requirements. (2) Evidence of skills assessment against those requirements. (3) Training and development plans for identified gaps. (4) Succession or cover arrangements for critical AI roles. | G12: Mandatory | H12: HR / AI Engineering Leads | I12: Yes – Applicable | J12: 1. AI human resources register listing roles, names, and competency requirements per system. 2. Skills matrix or competency framework for AI roles. 3. Training completion records and qualifications held. 4. Succession plan or cover arrangements for critical AI governance and engineering roles. | K12: Not Assessed
B13: A.5.2 | C13: A.5 – Assessing Impacts of AI Systems | D13: AI System Impact Assessment Process | E13: The organisation should establish a repeatable, structured process for assessing how AI systems could affect people and wider society — both positively and negatively. The process should define what triggers an assessment, what it covers, who performs it, and how outputs feed into design, deployment, and review decisions. | F13: Auditor will look for: (1) A documented AI system impact assessment (AISIA) methodology. (2) Defined triggers (e.g. new AI system, major change, periodic review). (3) Evidence the process is applied consistently across AI systems. (4) Clear links between assessment outputs and risk treatment decisions. | G13: Mandatory | H13: Risk & Compliance / AI Ethics Team | I13: Yes – Applicable | J13: 1. AI System Impact Assessment (AISIA) methodology or procedure. 2. Assessment trigger criteria and scheduling records. 3. Completed AISIAs for each in-scope AI system. 4. Risk register entries derived from impact assessments. 5. Evidence of periodic reassessment (e.g. post-deployment, post-incident). | K13: Not Assessed
B14: A.5.3 | C14: A.5 – Assessing Impacts of AI Systems | D14: Documentation of AI System Impact Assessments | E14: The organisation should maintain written records of each AI system impact assessment, capturing the intended use, foreseeable misuse scenarios, predictable failures and mitigations, affected demographic groups, and human oversight arrangements. Records should be retained for a defined period to support audit, incident review, and change management. | F14: Auditor will review: (1) Assessment reports for all in-scope AI systems. (2) Records covering intended use, misuse, failure modes, and mitigations. (3) A defined retention period for assessment records. (4) Evidence records are updated following changes to the AI system. | G14: Mandatory | H14: Risk & Compliance / AI Governance | I14: Yes – Applicable | J14: 1. Completed AISIA reports with sections covering intended use, misuse, and failure modes. 2. Document retention policy specifying retention period for AISIA records. 3. Change log showing AISIAs updated when AI systems changed materially. 4. Access-controlled repository for AISIA records with version history. | K14: Not Assessed
... B40: A.10.4 | C40: A.10 – Third-Party & Customer Relationships | D40: Customers | E40: Where the organisation provides AI systems or services to customers, it should identify customer requirements for the AI system, support responsible use by customers through contractual terms, usage guidance, and monitoring, and manage customer relationships throughout the AI system life cycle in a way that reflects the organisation's own responsible AI commitments. | F40: Auditor will look for: (1) Customer requirements identification process for AI services. (2) Customer-facing terms of use and acceptable use policy for AI products. (3) Guidance and onboarding materials provided to customers. (4) Customer feedback and complaint handling process. | G40: Conditional | H40: Commercial / Legal / Product Management | I40: Yes – Applicable | J40: 1. Customer requirements documentation for AI services. 2. Customer terms of service and acceptable use policy covering AI. 3. Customer onboarding materials and usage guidance. 4. Customer feedback and complaint log. 5. Customer relationship management process documentation. | K40: Not Assessed

Sheet 📊 Dashboard
B1: ISO/IEC 42001:2023 — AI Management System Audit Dashboard | 38 Annex A Controls
B2: GRC Compliance Status Overview | As on: 16 May 2026 | Standard: ISO/IEC 42001:2023
B5: =38 -> 38 | C5: =COUNTIF('🔍 Controls Checklist'!K3:K40,"Conformity") -> 0 | D5: =COUNTIF('🔍 Controls Checklist'!K3:K40,"Partial Conformity") -> 0 | E5: =COUNTIF('🔍 Controls Checklist'!K3:K40,"Non-Conformity") -> 0 | F5: =COUNTIF('🔍 Controls Checklist'!K3:K40,"Not Applicable") -> 0 | G5: =COUNTIF('🔍 Controls Checklist'!K3:K40,"Not Assessed") -> 38
B6: Total Controls | C6: Conformity | D6: Partial Conformity | E6: Non-Conformity | F6: Not Applicable | G6: Not Assessed
B9: Overall Compliance Score | E9: =IFERROR((COUNTIF('🔍 Controls Checklist'!K3:K40,"Conformity")+0.5*COUNTIF('🔍 Controls Checklist'!K3:K40,"Partial Conformity"))/(MAX(38-COUNTIF('🔍 Controls Checklist'!K3:K40,"Not Applicable"),1)),0) -> 0
B11: Conformity Status by Control Domain (All 38 Controls)
B12: Domain | C12: Total | D12: Conformity | E12: Partial Conformity | F12: Non- Conformity | G12: Not Applicable | H12: Not Assessed | I12: % Compliant
B13: A.2 – Policies Related to AI | C13: 3 | D13: =COUNTIF('🔍 Controls Checklist'!K3,"Conformity")+COUNTIF('🔍 Controls Checklist'!K4,"Conformity")+COUNTIF('🔍 Controls Checklist'!K5,"Conformity") -> 0 | E13: =COUNTIF('🔍 Controls Checklist'!K3,"Partial Conformity")+COUNTIF('🔍 Controls Checklist'!K4,"Partial Conformity")+COUNTIF('🔍 Controls Checklist'!K5,"Partial Conformity") -> 0 | F13: =COUNTIF('🔍 Controls Checklist'!K3,"Non-Conformity")+COUNTIF('🔍 Controls Checklist'!K4,"Non-Conformity")+COUNTIF('🔍 Controls Checklist'!K5,"Non-Conformity") -> 0 | G13: =COUNTIF('🔍 Controls Checklist'!K3,"Not Applicable")+COUNTIF('🔍 Controls Checklist'!K4,"Not Applicable")+COUNTIF('🔍 Controls Checklist'!K5,"Not Applicable") -> 0 | H13: =COUNTIF('🔍 Controls Checklist'!K3,"Not Assessed")+COUNTIF('🔍 Controls Checklist'!K4,"Not Assessed")+COUNTIF('🔍 Controls Checklist'!K5,"Not Assessed") -> 3 | I13: =IFERROR((D13+0.5*E13)/(MAX(3-G13,1)),0) -> 0
B14: A.3 – Internal Organisation | C14: 2 | D14: =COUNTIF('🔍 Controls Checklist'!K6,"Conformity")+COUNTIF('🔍 Controls Checklist'!K7,"Conformity") -> 0 | E14: =COUNTIF('🔍 Controls Checklist'!K6,"Partial Conformity")+COUNTIF('🔍 Controls Checklist'!K7,"Partial Conformity") -> 0 | F14: =COUNTIF('🔍 Controls Checklist'!K6,"Non-Conformity")+COUNTIF('🔍 Controls Checklist'!K7,"Non-Conformity") -> 0 | G14: =COUNTIF('🔍 Controls Checklist'!K6,"Not Applicable")+COUNTIF('🔍 Controls Checklist'!K7,"Not Applicable") -> 0 | H14: =COUNTIF('🔍 Controls Checklist'!K6,"Not Assessed")+COUNTIF('🔍 Controls Checklist'!K7,"Not Assessed") -> 2 | I14: =IFERROR((D14+0.5*E14)/(MAX(2-G14,1)),0) -> 0
B15: A.4 – Resources for AI Systems | C15: 5 | D15: =COUNTIF('🔍 Controls Checklist'!K8,"Conformity")+COUNTIF('🔍 Controls Checklist'!K9,"Conformity")+COUNTIF('🔍 Controls Checklist'!K10,"Conformity")+COUNTIF('🔍 Controls Checklist'!K11,"Conformity")+COUNTIF('🔍 Controls Checklist'!K12,"Conformity") -> 0 | E15: =COUNTIF('🔍 Controls Checklist'!K8,"Partial Conformity")+COUNTIF('🔍 Controls Checklist'!K9,"Partial Conformity")+COUNTIF('🔍 Controls Checklist'!K10,"Partial Conformity")+COUNTIF('🔍 Controls Checklist'!K11,"Partial Conformity")+COUNTIF('🔍 Controls Checklist'!K12,"Partial Conformity") -> 0 | F15: =COUNTIF('🔍 Controls Checklist'!K8,"Non-Conformity")+COUNTIF('🔍 Controls Checklist'!K9,"Non-Conformity")+COUNTIF('🔍 Controls Checklist'!K10,"Non-Conformity")+COUNTIF('🔍 Controls Checklist'!K11,"Non-Conformity")+COUNTIF('🔍 Controls Checklist'!K12,"Non-Conformity") -> 0 | G15: =COUNTIF('🔍 Controls Checklist'!K8,"Not Applicable")+COUNTIF('🔍 Controls Checklist'!K9,"Not Applicable")+COUNTIF('🔍 Controls Checklist'!K10,"Not Applicable")+COUNTIF('🔍 Controls Checklist'!K11,"Not Applicable")+COUNTIF('🔍 Controls Checklist'!K12,"Not Applicable") -> 0 | H15: =COUNTIF('🔍 Controls Checklist'!K8,"Not Assessed")+COUNTIF('🔍 Controls Checklist'!K9,"Not Assessed")+COUNTIF('🔍 Controls Checklist'!K10,"Not Assessed")+COUNTIF('🔍 Controls Checklist'!K11,"Not Assessed")+COUNTIF('🔍 Controls Checklist'!K12,"Not Assessed") -> 5 | I15: =IFERROR((D15+0.5*E15)/(MAX(5-G15,1)),0) -> 0
B16: A.5 – Assessing Impacts of AI Systems | C16: 4 | D16: =COUNTIF('🔍 Controls Checklist'!K13,"Conformity")+COUNTIF('🔍 Controls Checklist'!K14,"Conformity")+COUNTIF('🔍 Controls Checklist'!K15,"Conformity")+COUNTIF('🔍 Controls Checklist'!K16,"Conformity") -> 0 | E16: =COUNTIF('🔍 Controls Checklist'!K13,"Partial Conformity")+COUNTIF('🔍 Controls Checklist'!K14,"Partial Conformity")+COUNTIF('🔍 Controls Checklist'!K15,"Partial Conformity")+COUNTIF('🔍 Controls Checklist'!K16,"Partial Conformity") -> 0 | F16: =COUNTIF('🔍 Controls Checklist'!K13,"Non-Conformity")+COUNTIF('🔍 Controls Checklist'!K14,"Non-Conformity")+COUNTIF('🔍 Controls Checklist'!K15,"Non-Conformity")+COUNTIF('🔍 Controls Checklist'!K16,"Non-Conformity") -> 0 | G16: =COUNTIF('🔍 Controls Checklist'!K13,"Not Applicable")+COUNTIF('🔍 Controls Checklist'!K14,"Not Applicable")+COUNTIF('🔍 Controls Checklist'!K15,"Not Applicable")+COUNTIF('🔍 Controls Checklist'!K16,"Not Applicable") -> 0 | H16: =COUNTIF('🔍 Controls Checklist'!K13,"Not Assessed")+COUNTIF('🔍 Controls Checklist'!K14,"Not Assessed")+COUNTIF('🔍 Controls Checklist'!K15,"Not Assessed")+COUNTIF('🔍 Controls Checklist'!K16,"Not Assessed") -> 4 | I16: =IFERROR((D16+0.5*E16)/(MAX(4-G16,1)),0) -> 0
B17: A.6 – AI System Life Cycle | C17: 9 | D17: =COUNTIF('🔍 Controls Checklist'!K17,"Conformity")+COUNTIF('🔍 Controls Checklist'!K18,"Conformity")+COUNTIF('🔍 Controls Checklist'!K19,"Conformity")+COUNTIF('🔍 Controls Checklist'!K20,"Conformity")+COUNTIF('🔍 Controls Checklist'!K21,"Conformity")+COUNTIF('🔍 Controls Checklist'!K22,"Conformity")+COUNTIF('🔍 Controls Checklist'!K23,"Conformity")+COUNTIF('🔍 Controls Checklist'!K24,"Conformity")+COUNTIF('🔍 Controls Checklist'!K25,"Conformity") -> 0 | E17: =COUNTIF('🔍 Controls Checklist'!K17,"Partial Conformity")+COUNTIF('🔍 Controls Checklist'!K18,"Partial Conformity")+COUNTIF('🔍 Controls Checklist'!K19,"Partial Conformity")+COUNTIF('🔍 Controls Checklist'!K20,"Partial Conformity")+COUNTIF('🔍 Controls Checklist'!K21,"Partial Conformity")+COUNTIF('🔍 Controls Checklist'!K22,"Partial Conformity")+COUNTIF('🔍 Controls Checklist'!K23,"Partial Conformity")+COUNTIF('🔍 Controls Checklist'!K24,"Partial Conformity")+COUNTIF('🔍 Controls Checklist'!K25,"Partial Conformity") -> 0 | F17: =COUNTIF('🔍 Controls Checklist'!K17,"Non-Conformity")+COUNTIF('🔍 Controls Checklist'!K18,"Non-Conformity")+COUNTIF('🔍 Controls Checklist'!K19,"Non-Conformity")+COUNTIF('🔍 Controls Checklist'!K20,"Non-Conformity")+COUNTIF('🔍 Controls Checklist'!K21,"Non-Conformity")+COUNTIF('🔍 Controls Checklist'!K22,"Non-Conformity")+COUNTIF('🔍 Controls Checklist'!K23,"Non-Conformity")+COUNTIF('🔍 Controls Checklist'!K24,"Non-Conformity")+COUNTIF('🔍 Controls Checklist'!K25,"Non-Conformity") -> 0 | G17: =COUNTIF('🔍 Controls Checklist'!K17,"Not Applicable")+COUNTIF('🔍 Controls Checklist'!K18,"Not Applicable")+COUNTIF('🔍 Controls Checklist'!K19,"Not Applicable")+COUNTIF('🔍 Controls Checklist'!K20,"Not Applicable")+COUNTIF('🔍 Controls Checklist'!K21,"Not Applicable")+COUNTIF('🔍 Controls Checklist'!K22,"Not Applicable")+COUNTIF('🔍 Controls Checklist'!K23,"Not Applicable")+COUNTIF('🔍 Controls Checklist'!K24,"Not Applicable")+COUNTIF('🔍 Controls Checklist'!K25,"Not Applicable") -> 0 | H17: =COUNTIF('🔍 Controls Checklist'!K17,"Not Assessed")+COUNTIF('🔍 Controls Checklist'!K18,"Not Assessed")+COUNTIF('🔍 Controls Checklist'!K19,"Not Assessed")+COUNTIF('🔍 Controls Checklist'!K20,"Not Assessed")+COUNTIF('🔍 Controls Checklist'!K21,"Not Assessed")+COUNTIF('🔍 Controls Checklist'!K22,"Not Assessed")+COUNTIF('🔍 Controls Checklist'!K23,"Not Assessed")+COUNTIF('🔍 Controls Checklist'!K24,"Not Assessed")+COUNTIF('🔍 Controls Checklist'!K25,"Not Assessed") -> 9 | I17: =IFERROR((D17+0.5*E17)/(MAX(9-G17,1)),0) -> 0
B18: A.7 – Data for AI Systems | C18: 5 | D18: =COUNTIF('🔍 Controls Checklist'!K26,"Conformity")+COUNTIF('🔍 Controls Checklist'!K27,"Conformity")+COUNTIF('🔍 Controls Checklist'!K28,"Conformity")+COUNTIF('🔍 Controls Checklist'!K29,"Conformity")+COUNTIF('🔍 Controls Checklist'!K30,"Conformity") -> 0 | E18: =COUNTIF('🔍 Controls Checklist'!K26,"Partial Conformity")+COUNTIF('🔍 Controls Checklist'!K27,"Partial Conformity")+COUNTIF('🔍 Controls Checklist'!K28,"Partial Conformity")+COUNTIF('🔍 Controls Checklist'!K29,"Partial Conformity")+COUNTIF('🔍 Controls Checklist'!K30,"Partial Conformity") -> 0 | F18: =COUNTIF('🔍 Controls Checklist'!K26,"Non-Conformity")+COUNTIF('🔍 Controls Checklist'!K27,"Non-Conformity")+COUNTIF('🔍 Controls Checklist'!K28,"Non-Conformity")+COUNTIF('🔍 Controls Checklist'!K29,"Non-Conformity")+COUNTIF('🔍 Controls Checklist'!K30,"Non-Conformity") -> 0 | G18: =COUNTIF('🔍 Controls Checklist'!K26,"Not Applicable")+COUNTIF('🔍 Controls Checklist'!K27,"Not Applicable")+COUNTIF('🔍 Controls Checklist'!K28,"Not Applicable")+COUNTIF('🔍 Controls Checklist'!K29,"Not Applicable")+COUNTIF('🔍 Controls Checklist'!K30,"Not Applicable") -> 0 | H18: =COUNTIF('🔍 Controls Checklist'!K26,"Not Assessed")+COUNTIF('🔍 Controls Checklist'!K27,"Not Assessed")+COUNTIF('🔍 Controls Checklist'!K28,"Not Assessed")+COUNTIF('🔍 Controls Checklist'!K29,"Not Assessed")+COUNTIF('🔍 Controls Checklist'!K30,"Not Assessed") -> 5 | I18: =IFERROR((D18+0.5*E18)/(MAX(5-G18,1)),0) -> 0
B19: A.8 – Information for Interested Parties | C19: 4 | D19: =COUNTIF('🔍 Controls Checklist'!K31,"Conformity")+COUNTIF('🔍 Controls Checklist'!K32,"Conformity")+COUNTIF('🔍 Controls Checklist'!K33,"Conformity")+COUNTIF('🔍 Controls Checklist'!K34,"Conformity") -> 0 | E19: =COUNTIF('🔍 Controls Checklist'!K31,"Partial Conformity")+COUNTIF('🔍 Controls Checklist'!K32,"Partial Conformity")+COUNTIF('🔍 Controls Checklist'!K33,"Partial Conformity")+COUNTIF('🔍 Controls Checklist'!K34,"Partial Conformity") -> 0 | F19: =COUNTIF('🔍 Controls Checklist'!K31,"Non-Conformity")+COUNTIF('🔍 Controls Checklist'!K32,"Non-Conformity")+COUNTIF('🔍 Controls Checklist'!K33,"Non-Conformity")+COUNTIF('🔍 Controls Checklist'!K34,"Non-Conformity") -> 0 | G19: =COUNTIF('🔍 Controls Checklist'!K31,"Not Applicable")+COUNTIF('🔍 Controls Checklist'!K32,"Not Applicable")+COUNTIF('🔍 Controls Checklist'!K33,"Not Applicable")+COUNTIF('🔍 Controls Checklist'!K34,"Not Applicable") -> 0 | H19: =COUNTIF('🔍 Controls Checklist'!K31,"Not Assessed")+COUNTIF('🔍 Controls Checklist'!K32,"Not Assessed")+COUNTIF('🔍 Controls Checklist'!K33,"Not Assessed")+COUNTIF('🔍 Controls Checklist'!K34,"Not Assessed") -> 4 | I19: =IFERROR((D19+0.5*E19)/(MAX(4-G19,1)),0) -> 0
B20: A.9 – Use of AI Systems | C20: 3 | D20: =COUNTIF('🔍 Controls Checklist'!K35,"Conformity")+COUNTIF('🔍 Controls Checklist'!K36,"Conformity")+COUNTIF('🔍 Controls Checklist'!K37,"Conformity") -> 0 | E20: =COUNTIF('🔍 Controls Checklist'!K35,"Partial Conformity")+COUNTIF('🔍 Controls Checklist'!K36,"Partial Conformity")+COUNTIF('🔍 Controls Checklist'!K37,"Partial Conformity") -> 0 | F20: =COUNTIF('🔍 Controls Checklist'!K35,"Non-Conformity")+COUNTIF('🔍 Controls Checklist'!K36,"Non-Conformity")+COUNTIF('🔍 Controls Checklist'!K37,"Non-Conformity") -> 0 | G20: =COUNTIF('🔍 Controls Checklist'!K35,"Not Applicable")+COUNTIF('🔍 Controls Checklist'!K36,"Not Applicable")+COUNTIF('🔍 Controls Checklist'!K37,"Not Applicable") -> 0 | H20: =COUNTIF('🔍 Controls Checklist'!K35,"Not Assessed")+COUNTIF('🔍 Controls Checklist'!K36,"Not Assessed")+COUNTIF('🔍 Controls Checklist'!K37,"Not Assessed") -> 3 | I20: =IFERROR((D20+0.5*E20)/(MAX(3-G20,1)),0) -> 0
B21: A.10 – Third-Party & Customer Relationships | C21: 3 | D21: =COUNTIF('🔍 Controls Checklist'!K38,"Conformity")+COUNTIF('🔍 Controls Checklist'!K39,"Conformity")+COUNTIF('🔍 Controls Checklist'!K40,"Conformity") -> 0 | E21: =COUNTIF('🔍 Controls Checklist'!K38,"Partial Conformity")+COUNTIF('🔍 Controls Checklist'!K39,"Partial Conformity")+COUNTIF('🔍 Controls Checklist'!K40,"Partial Conformity") -> 0 | F21: =COUNTIF('🔍 Controls Checklist'!K38,"Non-Conformity")+COUNTIF('🔍 Controls Checklist'!K39,"Non-Conformity")+COUNTIF('🔍 Controls Checklist'!K40,"Non-Conformity") -> 0 | G21: =COUNTIF('🔍 Controls Checklist'!K38,"Not Applicable")+COUNTIF('🔍 Controls Checklist'!K39,"Not Applicable")+COUNTIF('🔍 Controls Checklist'!K40,"Not Applicable") -> 0 | H21: =COUNTIF('🔍 Controls Checklist'!K38,"Not Assessed")+COUNTIF('🔍 Controls Checklist'!K39,"Not Assessed")+COUNTIF('🔍 Controls Checklist'!K40,"Not Assessed") -> 3 | I21: =IFERROR((D21+0.5*E21)/(MAX(3-G21,1)),0) -> 0
B22: TOTAL (38 Controls) | C22: =38 -> 38 | D22: =SUM(D13:D21) -> 0 | E22: =SUM(E13:E21) -> 0 | F22: =SUM(F13:F21) -> 0 | G22: =SUM(G13:G21) -> 0 | H22: =SUM(H13:H21) -> 38 | I22: =E9 -> 0
B24: Conformity Legend
B25: Conformity
B26: Partial Conformity
B27: Non-Conformity
B28: Not Applicable
B29: Not Assessed
B31: ℹ Note: Compliance Score = (Conformity + 0.5 × Partial Conformity) ÷ Applicable Controls. Not Applicable controls are excluded from the denominator. This dashboard covers all 38 ISO/IEC 42001:2023 Annex A controls. Update conformity status in the '🔍 Controls Checklist' tab to refresh automatically.
